storm_id,magnitude_mm_aoc_mean,domain_mean_mm,domain_max_mm,file
sample_0001,1042.66,880.92,1324.55,sample_0001__scenario_Santa_Ines_Petape_Guatemala_WRF_Box_rlz1year10000storm5.tif
sample_0002,4.39,5.48,20.19,sample_0002__scenario_Santa_Ines_Petape_Guatemala_WRF_Box_rlz1year2737storm5.tif
sample_0003,0.0,0.0,0.0,sample_0003__scenario_Santa_Ines_Petape_Guatemala_WRF_Box_rlz1year2949storm4.tif
sample_0004,0.73,0.72,3.51,sample_0004__scenario_Santa_Ines_Petape_Guatemala_WRF_Box_rlz1year3239storm4.tif
sample_0005,30.32,38.06,98.52,sample_0005__scenario_Santa_Ines_Petape_Guatemala_WRF_Box_rlz1year3971storm5.tif
sample_0006,1.61,12.94,59.11,sample_0006__scenario_Santa_Ines_Petape_Guatemala_WRF_Box_rlz1year4478storm4.tif
sample_0007,24.11,51.82,135.26,sample_0007__scenario_Santa_Ines_Petape_Guatemala_WRF_Box_rlz1year4579storm5.tif
sample_0008,40.54,52.11,118.25,sample_0008__scenario_Santa_Ines_Petape_Guatemala_WRF_Box_rlz1year4817storm4.tif
sample_0009,73.94,61.38,208.75,sample_0009__scenario_Santa_Ines_Petape_Guatemala_WRF_Box_rlz1year5265storm5.tif
sample_0010,76.77,65.07,176.3,sample_0010__scenario_Santa_Ines_Petape_Guatemala_WRF_Box_rlz1year5432storm5.tif
sample_0011,76.02,44.09,143.77,sample_0011__scenario_Santa_Ines_Petape_Guatemala_WRF_Box_rlz1year5937storm3.tif
sample_0012,41.7,54.33,144.5,sample_0012__scenario_Santa_Ines_Petape_Guatemala_WRF_Box_rlz1year5979storm4.tif
sample_0013,41.67,34.58,162.2,sample_0013__scenario_Santa_Ines_Petape_Guatemala_WRF_Box_rlz1year6169storm4.tif
sample_0014,105.16,79.56,286.28,sample_0014__scenario_Santa_Ines_Petape_Guatemala_WRF_Box_rlz1year6172storm5.tif
sample_0015,30.72,25.36,80.87,sample_0015__scenario_Santa_Ines_Petape_Guatemala_WRF_Box_rlz1year6258storm3.tif
sample_0016,57.2,88.18,331.58,sample_0016__scenario_Santa_Ines_Petape_Guatemala_WRF_Box_rlz1year6480storm5.tif
sample_0017,10.86,26.58,91.48,sample_0017__scenario_Santa_Ines_Petape_Guatemala_WRF_Box_rlz1year6531storm3.tif
sample_0018,2.91,2.98,23.18,sample_0018__scenario_Santa_Ines_Petape_Guatemala_WRF_Box_rlz1year6691storm4.tif
sample_0019,25.97,17.87,80.69,sample_0019__scenario_Santa_Ines_Petape_Guatemala_WRF_Box_rlz1year6713storm2.tif
sample_0020,34.79,41.2,95.6,sample_0020__scenario_Santa_Ines_Petape_Guatemala_WRF_Box_rlz1year6786storm3.tif
sample_0021,133.72,101.13,185.81,sample_0021__scenario_Santa_Ines_Petape_Guatemala_WRF_Box_rlz1year6923storm5.tif
sample_0022,20.61,19.04,78.27,sample_0022__scenario_Santa_Ines_Petape_Guatemala_WRF_Box_rlz1year6924storm3.tif
sample_0023,16.7,30.18,111.54,sample_0023__scenario_Santa_Ines_Petape_Guatemala_WRF_Box_rlz1year7359storm4.tif
sample_0024,98.0,119.46,211.05,sample_0024__scenario_Santa_Ines_Petape_Guatemala_WRF_Box_rlz1year7425storm5.tif
sample_0025,66.66,65.07,160.96,sample_0025__scenario_Santa_Ines_Petape_Guatemala_WRF_Box_rlz1year7601storm3.tif
sample_0026,182.83,126.68,294.06,sample_0026__scenario_Santa_Ines_Petape_Guatemala_WRF_Box_rlz1year7684storm5.tif
sample_0027,180.17,131.97,224.63,sample_0027__scenario_Santa_Ines_Petape_Guatemala_WRF_Box_rlz1year7751storm5.tif
sample_0028,171.85,131.43,295.09,sample_0028__scenario_Santa_Ines_Petape_Guatemala_WRF_Box_rlz1year7758storm5.tif
sample_0029,193.43,133.41,264.47,sample_0029__scenario_Santa_Ines_Petape_Guatemala_WRF_Box_rlz1year7805storm5.tif
sample_0030,181.85,134.42,288.02,sample_0030__scenario_Santa_Ines_Petape_Guatemala_WRF_Box_rlz1year7853storm5.tif
sample_0031,140.05,140.06,406.28,sample_0031__scenario_Santa_Ines_Petape_Guatemala_WRF_Box_rlz1year7942storm5.tif
sample_0032,154.94,151.61,258.75,sample_0032__scenario_Santa_Ines_Petape_Guatemala_WRF_Box_rlz1year8080storm5.tif
sample_0033,50.49,150.52,376.34,sample_0033__scenario_Santa_Ines_Petape_Guatemala_WRF_Box_rlz1year8097storm5.tif
sample_0034,179.97,161.46,276.99,sample_0034__scenario_Santa_Ines_Petape_Guatemala_WRF_Box_rlz1year8289storm5.tif
sample_0035,139.48,164.05,456.85,sample_0035__scenario_Santa_Ines_Petape_Guatemala_WRF_Box_rlz1year8350storm5.tif
sample_0036,226.28,169.71,349.82,sample_0036__scenario_Santa_Ines_Petape_Guatemala_WRF_Box_rlz1year8398storm5.tif
sample_0037,216.96,168.89,310.03,sample_0037__scenario_Santa_Ines_Petape_Guatemala_WRF_Box_rlz1year8437storm5.tif
sample_0038,200.66,172.37,309.25,sample_0038__scenario_Santa_Ines_Petape_Guatemala_WRF_Box_rlz1year8443storm5.tif
sample_0039,160.15,170.54,311.19,sample_0039__scenario_Santa_Ines_Petape_Guatemala_WRF_Box_rlz1year8454storm5.tif
sample_0040,78.01,87.33,280.45,sample_0040__scenario_Santa_Ines_Petape_Guatemala_WRF_Box_rlz1year8492storm4.tif
sample_0041,54.75,40.47,111.07,sample_0041__scenario_Santa_Ines_Petape_Guatemala_WRF_Box_rlz1year8529storm4.tif
sample_0042,181.08,177.56,291.03,sample_0042__scenario_Santa_Ines_Petape_Guatemala_WRF_Box_rlz1year8583storm5.tif
sample_0043,205.09,185.66,325.4,sample_0043__scenario_Santa_Ines_Petape_Guatemala_WRF_Box_rlz1year8617storm5.tif
sample_0044,129.05,131.91,223.14,sample_0044__scenario_Santa_Ines_Petape_Guatemala_WRF_Box_rlz1year8664storm4.tif
sample_0045,122.31,195.03,584.1,sample_0045__scenario_Santa_Ines_Petape_Guatemala_WRF_Box_rlz1year8734storm5.tif
sample_0046,180.54,201.64,343.77,sample_0046__scenario_Santa_Ines_Petape_Guatemala_WRF_Box_rlz1year8800storm5.tif
sample_0047,203.09,167.47,311.54,sample_0047__scenario_Santa_Ines_Petape_Guatemala_WRF_Box_rlz1year8842storm3.tif
sample_0048,236.67,211.35,389.24,sample_0048__scenario_Santa_Ines_Petape_Guatemala_WRF_Box_rlz1year8855storm5.tif
sample_0049,255.47,207.2,381.09,sample_0049__scenario_Santa_Ines_Petape_Guatemala_WRF_Box_rlz1year8869storm5.tif
sample_0050,250.33,210.8,408.57,sample_0050__scenario_Santa_Ines_Petape_Guatemala_WRF_Box_rlz1year8889storm5.tif
sample_0051,291.32,216.16,392.39,sample_0051__scenario_Santa_Ines_Petape_Guatemala_WRF_Box_rlz1year8943storm5.tif
sample_0052,284.28,218.34,365.55,sample_0052__scenario_Santa_Ines_Petape_Guatemala_WRF_Box_rlz1year8959storm5.tif
sample_0053,171.11,220.01,443.45,sample_0053__scenario_Santa_Ines_Petape_Guatemala_WRF_Box_rlz1year8969storm5.tif
sample_0054,276.05,221.86,386.07,sample_0054__scenario_Santa_Ines_Petape_Guatemala_WRF_Box_rlz1year8991storm5.tif
sample_0055,224.54,226.42,371.22,sample_0055__scenario_Santa_Ines_Petape_Guatemala_WRF_Box_rlz1year9029storm5.tif
sample_0056,63.42,51.43,131.8,sample_0056__scenario_Santa_Ines_Petape_Guatemala_WRF_Box_rlz1year9132storm4.tif
sample_0057,312.35,233.38,362.47,sample_0057__scenario_Santa_Ines_Petape_Guatemala_WRF_Box_rlz1year9135storm5.tif
sample_0058,198.57,241.62,520.38,sample_0058__scenario_Santa_Ines_Petape_Guatemala_WRF_Box_rlz1year9153storm5.tif
sample_0059,281.02,251.69,571.29,sample_0059__scenario_Santa_Ines_Petape_Guatemala_WRF_Box_rlz1year9187storm5.tif
sample_0060,416.39,243.11,523.49,sample_0060__scenario_Santa_Ines_Petape_Guatemala_WRF_Box_rlz1year9192storm5.tif
sample_0061,269.09,253.34,374.99,sample_0061__scenario_Santa_Ines_Petape_Guatemala_WRF_Box_rlz1year9209storm5.tif
sample_0062,358.64,246.75,532.67,sample_0062__scenario_Santa_Ines_Petape_Guatemala_WRF_Box_rlz1year9240storm5.tif
sample_0063,261.56,261.35,509.77,sample_0063__scenario_Santa_Ines_Petape_Guatemala_WRF_Box_rlz1year9244storm5.tif
sample_0064,163.81,253.66,754.17,sample_0064__scenario_Santa_Ines_Petape_Guatemala_WRF_Box_rlz1year9256storm5.tif
sample_0065,270.62,257.7,435.52,sample_0065__scenario_Santa_Ines_Petape_Guatemala_WRF_Box_rlz1year9266storm5.tif
sample_0066,497.44,259.07,634.46,sample_0066__scenario_Santa_Ines_Petape_Guatemala_WRF_Box_rlz1year9276storm5.tif
sample_0067,183.23,264.2,417.99,sample_0067__scenario_Santa_Ines_Petape_Guatemala_WRF_Box_rlz1year9295storm5.tif
sample_0068,297.55,276.69,531.66,sample_0068__scenario_Santa_Ines_Petape_Guatemala_WRF_Box_rlz1year9327storm5.tif
sample_0069,187.05,277.85,851.21,sample_0069__scenario_Santa_Ines_Petape_Guatemala_WRF_Box_rlz1year9331storm5.tif
sample_0070,356.56,276.22,441.92,sample_0070__scenario_Santa_Ines_Petape_Guatemala_WRF_Box_rlz1year9366storm5.tif
sample_0071,34.4,60.64,273.88,sample_0071__scenario_Santa_Ines_Petape_Guatemala_WRF_Box_rlz1year9371storm1.tif
sample_0072,272.9,283.55,725.5,sample_0072__scenario_Santa_Ines_Petape_Guatemala_WRF_Box_rlz1year9400storm5.tif
sample_0073,289.09,280.98,487.43,sample_0073__scenario_Santa_Ines_Petape_Guatemala_WRF_Box_rlz1year9409storm5.tif
sample_0074,371.57,284.12,523.33,sample_0074__scenario_Santa_Ines_Petape_Guatemala_WRF_Box_rlz1year9423storm5.tif
sample_0075,260.33,297.64,566.88,sample_0075__scenario_Santa_Ines_Petape_Guatemala_WRF_Box_rlz1year9466storm5.tif
sample_0076,232.84,301.65,584.5,sample_0076__scenario_Santa_Ines_Petape_Guatemala_WRF_Box_rlz1year9467storm5.tif
sample_0077,132.52,135.58,370.85,sample_0077__scenario_Santa_Ines_Petape_Guatemala_WRF_Box_rlz1year9489storm4.tif
sample_0078,278.16,304.58,687.81,sample_0078__scenario_Santa_Ines_Petape_Guatemala_WRF_Box_rlz1year9505storm5.tif
sample_0079,214.09,314.87,742.06,sample_0079__scenario_Santa_Ines_Petape_Guatemala_WRF_Box_rlz1year9519storm5.tif
sample_0080,272.67,310.76,579.22,sample_0080__scenario_Santa_Ines_Petape_Guatemala_WRF_Box_rlz1year9526storm5.tif
sample_0081,326.76,315.89,602.29,sample_0081__scenario_Santa_Ines_Petape_Guatemala_WRF_Box_rlz1year9543storm5.tif
sample_0082,386.75,326.01,462.21,sample_0082__scenario_Santa_Ines_Petape_Guatemala_WRF_Box_rlz1year9601storm5.tif
sample_0083,427.65,300.39,543.51,sample_0083__scenario_Santa_Ines_Petape_Guatemala_WRF_Box_rlz1year9605storm4.tif
sample_0084,377.41,329.43,515.96,sample_0084__scenario_Santa_Ines_Petape_Guatemala_WRF_Box_rlz1year9608storm5.tif
sample_0085,303.28,333.74,687.8,sample_0085__scenario_Santa_Ines_Petape_Guatemala_WRF_Box_rlz1year9613storm5.tif
sample_0086,244.65,335.47,507.14,sample_0086__scenario_Santa_Ines_Petape_Guatemala_WRF_Box_rlz1year9630storm5.tif
sample_0087,402.97,347.22,720.03,sample_0087__scenario_Santa_Ines_Petape_Guatemala_WRF_Box_rlz1year9652storm5.tif
sample_0088,305.39,345.97,573.99,sample_0088__scenario_Santa_Ines_Petape_Guatemala_WRF_Box_rlz1year9678storm5.tif
sample_0089,406.07,347.45,465.28,sample_0089__scenario_Santa_Ines_Petape_Guatemala_WRF_Box_rlz1year9688storm5.tif
sample_0090,289.91,355.25,844.31,sample_0090__scenario_Santa_Ines_Petape_Guatemala_WRF_Box_rlz1year9711storm5.tif
sample_0091,153.97,98.14,274.16,sample_0091__scenario_Santa_Ines_Petape_Guatemala_WRF_Box_rlz1year9720storm3.tif
sample_0092,549.0,362.37,665.8,sample_0092__scenario_Santa_Ines_Petape_Guatemala_WRF_Box_rlz1year9724storm5.tif
sample_0093,321.49,369.17,636.17,sample_0093__scenario_Santa_Ines_Petape_Guatemala_WRF_Box_rlz1year9729storm5.tif
sample_0094,457.37,380.86,556.76,sample_0094__scenario_Santa_Ines_Petape_Guatemala_WRF_Box_rlz1year9748storm5.tif
sample_0095,352.47,382.12,747.44,sample_0095__scenario_Santa_Ines_Petape_Guatemala_WRF_Box_rlz1year9750storm5.tif
sample_0096,385.51,384.14,642.24,sample_0096__scenario_Santa_Ines_Petape_Guatemala_WRF_Box_rlz1year9752storm5.tif
sample_0097,344.35,385.07,621.39,sample_0097__scenario_Santa_Ines_Petape_Guatemala_WRF_Box_rlz1year9754storm5.tif
sample_0098,396.24,387.45,738.91,sample_0098__scenario_Santa_Ines_Petape_Guatemala_WRF_Box_rlz1year9765storm5.tif
sample_0099,354.47,395.77,652.85,sample_0099__scenario_Santa_Ines_Petape_Guatemala_WRF_Box_rlz1year9776storm5.tif
sample_0100,491.26,396.88,576.66,sample_0100__scenario_Santa_Ines_Petape_Guatemala_WRF_Box_rlz1year9780storm5.tif
sample_0101,487.42,400.69,649.07,sample_0101__scenario_Santa_Ines_Petape_Guatemala_WRF_Box_rlz1year9781storm5.tif
sample_0102,408.61,399.62,550.29,sample_0102__scenario_Santa_Ines_Petape_Guatemala_WRF_Box_rlz1year9782storm5.tif
sample_0103,478.25,400.2,838.44,sample_0103__scenario_Santa_Ines_Petape_Guatemala_WRF_Box_rlz1year9784storm5.tif
sample_0104,425.6,393.02,713.97,sample_0104__scenario_Santa_Ines_Petape_Guatemala_WRF_Box_rlz1year9789storm5.tif
sample_0105,439.58,404.45,601.48,sample_0105__scenario_Santa_Ines_Petape_Guatemala_WRF_Box_rlz1year9793storm5.tif
sample_0106,412.24,404.66,642.24,sample_0106__scenario_Santa_Ines_Petape_Guatemala_WRF_Box_rlz1year9798storm5.tif
sample_0107,533.73,402.42,701.52,sample_0107__scenario_Santa_Ines_Petape_Guatemala_WRF_Box_rlz1year9802storm5.tif
sample_0108,431.88,414.9,736.32,sample_0108__scenario_Santa_Ines_Petape_Guatemala_WRF_Box_rlz1year9812storm5.tif
sample_0109,166.94,188.17,460.93,sample_0109__scenario_Santa_Ines_Petape_Guatemala_WRF_Box_rlz1year9813storm4.tif
sample_0110,560.78,430.81,732.11,sample_0110__scenario_Santa_Ines_Petape_Guatemala_WRF_Box_rlz1year9830storm5.tif
sample_0111,585.57,434.13,792.69,sample_0111__scenario_Santa_Ines_Petape_Guatemala_WRF_Box_rlz1year9834storm5.tif
sample_0112,297.01,427.24,736.32,sample_0112__scenario_Santa_Ines_Petape_Guatemala_WRF_Box_rlz1year9836storm5.tif
sample_0113,310.24,429.96,713.97,sample_0113__scenario_Santa_Ines_Petape_Guatemala_WRF_Box_rlz1year9839storm5.tif
sample_0114,477.41,430.89,582.09,sample_0114__scenario_Santa_Ines_Petape_Guatemala_WRF_Box_rlz1year9840storm5.tif
sample_0115,450.75,427.76,763.15,sample_0115__scenario_Santa_Ines_Petape_Guatemala_WRF_Box_rlz1year9844storm5.tif
sample_0116,436.46,440.56,694.15,sample_0116__scenario_Santa_Ines_Petape_Guatemala_WRF_Box_rlz1year9845storm5.tif
sample_0117,528.23,434.55,638.08,sample_0117__scenario_Santa_Ines_Petape_Guatemala_WRF_Box_rlz1year9851storm5.tif
sample_0118,582.85,446.03,874.31,sample_0118__scenario_Santa_Ines_Petape_Guatemala_WRF_Box_rlz1year9858storm5.tif
sample_0119,433.68,438.46,736.32,sample_0119__scenario_Santa_Ines_Petape_Guatemala_WRF_Box_rlz1year9859storm5.tif
sample_0120,496.39,457.21,937.17,sample_0120__scenario_Santa_Ines_Petape_Guatemala_WRF_Box_rlz1year9862storm5.tif
sample_0121,414.06,453.01,654.67,sample_0121__scenario_Santa_Ines_Petape_Guatemala_WRF_Box_rlz1year9866storm5.tif
sample_0122,423.3,464.98,654.67,sample_0122__scenario_Santa_Ines_Petape_Guatemala_WRF_Box_rlz1year9881storm5.tif
sample_0123,616.73,469.55,698.16,sample_0123__scenario_Santa_Ines_Petape_Guatemala_WRF_Box_rlz1year9883storm5.tif
sample_0124,342.7,470.42,814.89,sample_0124__scenario_Santa_Ines_Petape_Guatemala_WRF_Box_rlz1year9885storm5.tif
sample_0125,525.48,469.43,665.8,sample_0125__scenario_Santa_Ines_Petape_Guatemala_WRF_Box_rlz1year9886storm5.tif
sample_0126,510.51,476.12,690.65,sample_0126__scenario_Santa_Ines_Petape_Guatemala_WRF_Box_rlz1year9887storm5.tif
sample_0127,547.54,462.52,964.88,sample_0127__scenario_Santa_Ines_Petape_Guatemala_WRF_Box_rlz1year9890storm5.tif
sample_0128,518.83,492.04,986.44,sample_0128__scenario_Santa_Ines_Petape_Guatemala_WRF_Box_rlz1year9896storm5.tif
sample_0129,509.69,506.73,722.36,sample_0129__scenario_Santa_Ines_Petape_Guatemala_WRF_Box_rlz1year9899storm5.tif
sample_0130,575.77,526.82,792.69,sample_0130__scenario_Santa_Ines_Petape_Guatemala_WRF_Box_rlz1year9908storm5.tif
sample_0131,527.03,526.66,654.67,sample_0131__scenario_Santa_Ines_Petape_Guatemala_WRF_Box_rlz1year9909storm5.tif
sample_0132,534.46,531.19,654.67,sample_0132__scenario_Santa_Ines_Petape_Guatemala_WRF_Box_rlz1year9911storm5.tif
sample_0133,561.58,529.58,819.55,sample_0133__scenario_Santa_Ines_Petape_Guatemala_WRF_Box_rlz1year9912storm5.tif
sample_0134,405.82,533.18,850.08,sample_0134__scenario_Santa_Ines_Petape_Guatemala_WRF_Box_rlz1year9913storm5.tif
sample_0135,657.97,527.33,792.69,sample_0135__scenario_Santa_Ines_Petape_Guatemala_WRF_Box_rlz1year9915storm5.tif
sample_0136,467.97,537.08,794.93,sample_0136__scenario_Santa_Ines_Petape_Guatemala_WRF_Box_rlz1year9916storm5.tif
sample_0137,395.58,522.85,1053.32,sample_0137__scenario_Santa_Ines_Petape_Guatemala_WRF_Box_rlz1year9917storm5.tif
sample_0138,555.01,538.48,690.65,sample_0138__scenario_Santa_Ines_Petape_Guatemala_WRF_Box_rlz1year9918storm5.tif
sample_0139,575.75,534.06,819.55,sample_0139__scenario_Santa_Ines_Petape_Guatemala_WRF_Box_rlz1year9920storm5.tif
sample_0140,614.36,538.93,741.01,sample_0140__scenario_Santa_Ines_Petape_Guatemala_WRF_Box_rlz1year9922storm5.tif
sample_0141,522.06,544.41,871.52,sample_0141__scenario_Santa_Ines_Petape_Guatemala_WRF_Box_rlz1year9924storm5.tif
sample_0142,580.64,546.98,949.88,sample_0142__scenario_Santa_Ines_Petape_Guatemala_WRF_Box_rlz1year9925storm5.tif
sample_0143,630.37,552.7,1053.32,sample_0143__scenario_Santa_Ines_Petape_Guatemala_WRF_Box_rlz1year9926storm5.tif
sample_0144,834.39,548.72,1053.32,sample_0144__scenario_Santa_Ines_Petape_Guatemala_WRF_Box_rlz1year9927storm5.tif
sample_0145,548.03,552.15,726.32,sample_0145__scenario_Santa_Ines_Petape_Guatemala_WRF_Box_rlz1year9929storm5.tif
sample_0146,559.0,553.55,1000.15,sample_0146__scenario_Santa_Ines_Petape_Guatemala_WRF_Box_rlz1year9932storm5.tif
sample_0147,137.32,172.58,266.6,sample_0147__scenario_Santa_Ines_Petape_Guatemala_WRF_Box_rlz1year9935storm4.tif
sample_0148,564.66,556.36,871.52,sample_0148__scenario_Santa_Ines_Petape_Guatemala_WRF_Box_rlz1year9936storm5.tif
sample_0149,585.11,564.14,722.09,sample_0149__scenario_Santa_Ines_Petape_Guatemala_WRF_Box_rlz1year9937storm5.tif
sample_0150,645.35,559.21,871.52,sample_0150__scenario_Santa_Ines_Petape_Guatemala_WRF_Box_rlz1year9938storm5.tif
sample_0151,579.53,557.82,871.52,sample_0151__scenario_Santa_Ines_Petape_Guatemala_WRF_Box_rlz1year9939storm5.tif
sample_0152,641.35,570.47,997.79,sample_0152__scenario_Santa_Ines_Petape_Guatemala_WRF_Box_rlz1year9941storm5.tif
sample_0153,399.97,571.24,1324.55,sample_0153__scenario_Santa_Ines_Petape_Guatemala_WRF_Box_rlz1year9942storm5.tif
sample_0154,709.73,571.12,871.52,sample_0154__scenario_Santa_Ines_Petape_Guatemala_WRF_Box_rlz1year9943storm5.tif
sample_0155,790.85,570.98,993.16,sample_0155__scenario_Santa_Ines_Petape_Guatemala_WRF_Box_rlz1year9945storm5.tif
sample_0156,435.35,305.47,560.11,sample_0156__scenario_Santa_Ines_Petape_Guatemala_WRF_Box_rlz1year9947storm4.tif
sample_0157,466.28,584.72,1157.96,sample_0157__scenario_Santa_Ines_Petape_Guatemala_WRF_Box_rlz1year9947storm5.tif
sample_0158,593.39,588.09,740.91,sample_0158__scenario_Santa_Ines_Petape_Guatemala_WRF_Box_rlz1year9948storm5.tif
sample_0159,636.05,590.29,740.91,sample_0159__scenario_Santa_Ines_Petape_Guatemala_WRF_Box_rlz1year9949storm5.tif
sample_0160,680.3,600.56,742.01,sample_0160__scenario_Santa_Ines_Petape_Guatemala_WRF_Box_rlz1year9955storm5.tif
sample_0161,571.96,601.02,811.16,sample_0161__scenario_Santa_Ines_Petape_Guatemala_WRF_Box_rlz1year9956storm5.tif
sample_0162,823.46,594.72,1053.32,sample_0162__scenario_Santa_Ines_Petape_Guatemala_WRF_Box_rlz1year9957storm5.tif
sample_0163,652.81,623.32,811.22,sample_0163__scenario_Santa_Ines_Petape_Guatemala_WRF_Box_rlz1year9960storm5.tif
sample_0164,584.67,621.62,811.22,sample_0164__scenario_Santa_Ines_Petape_Guatemala_WRF_Box_rlz1year9961storm5.tif
sample_0165,505.67,622.78,1324.55,sample_0165__scenario_Santa_Ines_Petape_Guatemala_WRF_Box_rlz1year9962storm5.tif
sample_0166,611.53,623.55,811.22,sample_0166__scenario_Santa_Ines_Petape_Guatemala_WRF_Box_rlz1year9963storm5.tif
sample_0167,566.86,627.59,811.22,sample_0167__scenario_Santa_Ines_Petape_Guatemala_WRF_Box_rlz1year9964storm5.tif
sample_0168,536.41,632.1,905.65,sample_0168__scenario_Santa_Ines_Petape_Guatemala_WRF_Box_rlz1year9966storm5.tif
sample_0169,910.73,629.77,1211.5,sample_0169__scenario_Santa_Ines_Petape_Guatemala_WRF_Box_rlz1year9967storm5.tif
sample_0170,605.67,615.16,1181.87,sample_0170__scenario_Santa_Ines_Petape_Guatemala_WRF_Box_rlz1year9968storm5.tif
sample_0171,654.5,643.43,838.54,sample_0171__scenario_Santa_Ines_Petape_Guatemala_WRF_Box_rlz1year9969storm5.tif
sample_0172,400.67,642.33,1324.55,sample_0172__scenario_Santa_Ines_Petape_Guatemala_WRF_Box_rlz1year9970storm5.tif
sample_0173,718.42,645.55,973.07,sample_0173__scenario_Santa_Ines_Petape_Guatemala_WRF_Box_rlz1year9971storm5.tif
sample_0174,903.34,657.73,986.44,sample_0174__scenario_Santa_Ines_Petape_Guatemala_WRF_Box_rlz1year9972storm5.tif
sample_0175,827.81,663.19,1000.15,sample_0175__scenario_Santa_Ines_Petape_Guatemala_WRF_Box_rlz1year9973storm5.tif
sample_0176,868.21,678.59,1209.26,sample_0176__scenario_Santa_Ines_Petape_Guatemala_WRF_Box_rlz1year9974storm5.tif
sample_0177,902.86,678.13,1100.06,sample_0177__scenario_Santa_Ines_Petape_Guatemala_WRF_Box_rlz1year9975storm5.tif
sample_0178,887.18,678.03,1211.5,sample_0178__scenario_Santa_Ines_Petape_Guatemala_WRF_Box_rlz1year9976storm5.tif
sample_0179,695.17,692.63,1324.55,sample_0179__scenario_Santa_Ines_Petape_Guatemala_WRF_Box_rlz1year9977storm5.tif
sample_0180,493.13,691.62,1324.55,sample_0180__scenario_Santa_Ines_Petape_Guatemala_WRF_Box_rlz1year9978storm5.tif
sample_0181,1050.61,717.78,1273.1,sample_0181__scenario_Santa_Ines_Petape_Guatemala_WRF_Box_rlz1year9980storm5.tif
sample_0182,744.2,711.47,1061.32,sample_0182__scenario_Santa_Ines_Petape_Guatemala_WRF_Box_rlz1year9981storm5.tif
sample_0183,551.48,735.76,1282.72,sample_0183__scenario_Santa_Ines_Petape_Guatemala_WRF_Box_rlz1year9982storm5.tif
sample_0184,878.37,769.93,1083.33,sample_0184__scenario_Santa_Ines_Petape_Guatemala_WRF_Box_rlz1year9983storm5.tif
sample_0185,872.57,770.48,1074.44,sample_0185__scenario_Santa_Ines_Petape_Guatemala_WRF_Box_rlz1year9984storm5.tif
sample_0186,919.65,778.87,1083.33,sample_0186__scenario_Santa_Ines_Petape_Guatemala_WRF_Box_rlz1year9985storm5.tif
sample_0187,737.04,764.34,1282.72,sample_0187__scenario_Santa_Ines_Petape_Guatemala_WRF_Box_rlz1year9986storm5.tif
sample_0188,738.13,791.73,1282.72,sample_0188__scenario_Santa_Ines_Petape_Guatemala_WRF_Box_rlz1year9987storm5.tif
sample_0189,803.14,785.95,1083.33,sample_0189__scenario_Santa_Ines_Petape_Guatemala_WRF_Box_rlz1year9988storm5.tif
sample_0190,856.48,797.73,1074.44,sample_0190__scenario_Santa_Ines_Petape_Guatemala_WRF_Box_rlz1year9989storm5.tif
sample_0191,737.3,802.59,1083.33,sample_0191__scenario_Santa_Ines_Petape_Guatemala_WRF_Box_rlz1year9990storm5.tif
sample_0192,868.81,808.32,1324.55,sample_0192__scenario_Santa_Ines_Petape_Guatemala_WRF_Box_rlz1year9991storm5.tif
sample_0193,968.99,807.36,1324.55,sample_0193__scenario_Santa_Ines_Petape_Guatemala_WRF_Box_rlz1year9992storm5.tif
sample_0194,844.84,831.72,1282.72,sample_0194__scenario_Santa_Ines_Petape_Guatemala_WRF_Box_rlz1year9993storm5.tif
sample_0195,987.38,830.99,1324.55,sample_0195__scenario_Santa_Ines_Petape_Guatemala_WRF_Box_rlz1year9994storm5.tif
sample_0196,798.57,840.56,1209.26,sample_0196__scenario_Santa_Ines_Petape_Guatemala_WRF_Box_rlz1year9995storm5.tif
sample_0197,929.39,831.13,1282.72,sample_0197__scenario_Santa_Ines_Petape_Guatemala_WRF_Box_rlz1year9996storm5.tif
sample_0198,949.75,838.16,1324.55,sample_0198__scenario_Santa_Ines_Petape_Guatemala_WRF_Box_rlz1year9997storm5.tif
sample_0199,954.39,855.96,1083.33,sample_0199__scenario_Santa_Ines_Petape_Guatemala_WRF_Box_rlz1year9998storm5.tif
sample_0200,849.62,856.47,1083.33,sample_0200__scenario_Santa_Ines_Petape_Guatemala_WRF_Box_rlz1year9999storm5.tif
