storm_id,domain_mean_mm,domain_max_mm,n_bands,file
sample_0001,306.66,1324.55,72,sample_0001__scenario_Morales_Guatemala_WRF_Box_rlz1year10000storm5.tif
sample_0002,21.84,318.82,72,sample_0002__scenario_Morales_Guatemala_WRF_Box_rlz1year2646storm5.tif
sample_0003,23.37,196.11,72,sample_0003__scenario_Morales_Guatemala_WRF_Box_rlz1year2666storm5.tif
sample_0004,31.84,183.69,72,sample_0004__scenario_Morales_Guatemala_WRF_Box_rlz1year2786storm5.tif
sample_0005,33.58,222.0,72,sample_0005__scenario_Morales_Guatemala_WRF_Box_rlz1year2818storm5.tif
sample_0006,39.24,246.48,72,sample_0006__scenario_Morales_Guatemala_WRF_Box_rlz1year2941storm5.tif
sample_0007,47.96,368.31,72,sample_0007__scenario_Morales_Guatemala_WRF_Box_rlz1year3294storm5.tif
sample_0008,49.91,509.8,72,sample_0008__scenario_Morales_Guatemala_WRF_Box_rlz1year3395storm5.tif
sample_0009,49.61,277.64,72,sample_0009__scenario_Morales_Guatemala_WRF_Box_rlz1year3397storm5.tif
sample_0010,52.63,277.98,72,sample_0010__scenario_Morales_Guatemala_WRF_Box_rlz1year3770storm4.tif
sample_0011,55.88,318.82,72,sample_0011__scenario_Morales_Guatemala_WRF_Box_rlz1year3878storm5.tif
sample_0012,59.27,507.13,72,sample_0012__scenario_Morales_Guatemala_WRF_Box_rlz1year4083storm5.tif
sample_0013,67.03,364.36,72,sample_0013__scenario_Morales_Guatemala_WRF_Box_rlz1year4714storm5.tif
sample_0014,40.8,264.14,72,sample_0014__scenario_Morales_Guatemala_WRF_Box_rlz1year5238storm4.tif
sample_0015,38.95,264.9,72,sample_0015__scenario_Morales_Guatemala_WRF_Box_rlz1year5370storm3.tif
sample_0016,59.36,364.36,72,sample_0016__scenario_Morales_Guatemala_WRF_Box_rlz1year5423storm4.tif
sample_0017,74.89,408.38,72,sample_0017__scenario_Morales_Guatemala_WRF_Box_rlz1year5451storm4.tif
sample_0018,76.34,348.61,72,sample_0018__scenario_Morales_Guatemala_WRF_Box_rlz1year5476storm5.tif
sample_0019,80.46,598.47,72,sample_0019__scenario_Morales_Guatemala_WRF_Box_rlz1year5686storm5.tif
sample_0020,81.32,368.31,72,sample_0020__scenario_Morales_Guatemala_WRF_Box_rlz1year5799storm5.tif
sample_0021,83.88,433.23,72,sample_0021__scenario_Morales_Guatemala_WRF_Box_rlz1year6034storm5.tif
sample_0022,85.27,402.85,72,sample_0022__scenario_Morales_Guatemala_WRF_Box_rlz1year6086storm5.tif
sample_0023,86.24,365.96,72,sample_0023__scenario_Morales_Guatemala_WRF_Box_rlz1year6101storm5.tif
sample_0024,44.2,561.43,72,sample_0024__scenario_Morales_Guatemala_WRF_Box_rlz1year6182storm4.tif
sample_0025,87.54,320.3,72,sample_0025__scenario_Morales_Guatemala_WRF_Box_rlz1year6184storm5.tif
sample_0026,88.41,609.61,72,sample_0026__scenario_Morales_Guatemala_WRF_Box_rlz1year6275storm5.tif
sample_0027,54.56,415.05,72,sample_0027__scenario_Morales_Guatemala_WRF_Box_rlz1year6406storm4.tif
sample_0028,63.51,495.23,72,sample_0028__scenario_Morales_Guatemala_WRF_Box_rlz1year6425storm3.tif
sample_0029,70.71,370.74,72,sample_0029__scenario_Morales_Guatemala_WRF_Box_rlz1year6437storm3.tif
sample_0030,75.79,438.9,72,sample_0030__scenario_Morales_Guatemala_WRF_Box_rlz1year6441storm2.tif
sample_0031,91.01,507.13,72,sample_0031__scenario_Morales_Guatemala_WRF_Box_rlz1year6486storm5.tif
sample_0032,43.51,452.15,72,sample_0032__scenario_Morales_Guatemala_WRF_Box_rlz1year6565storm4.tif
sample_0033,96.03,388.67,72,sample_0033__scenario_Morales_Guatemala_WRF_Box_rlz1year6739storm5.tif
sample_0034,95.77,674.66,72,sample_0034__scenario_Morales_Guatemala_WRF_Box_rlz1year6743storm5.tif
sample_0035,59.41,641.32,72,sample_0035__scenario_Morales_Guatemala_WRF_Box_rlz1year6789storm3.tif
sample_0036,99.29,396.13,72,sample_0036__scenario_Morales_Guatemala_WRF_Box_rlz1year6930storm5.tif
sample_0037,103.51,547.0,72,sample_0037__scenario_Morales_Guatemala_WRF_Box_rlz1year7149storm5.tif
sample_0038,105.49,420.79,72,sample_0038__scenario_Morales_Guatemala_WRF_Box_rlz1year7312storm5.tif
sample_0039,45.91,385.86,72,sample_0039__scenario_Morales_Guatemala_WRF_Box_rlz1year7382storm3.tif
sample_0040,47.13,242.92,72,sample_0040__scenario_Morales_Guatemala_WRF_Box_rlz1year7440storm3.tif
sample_0041,64.13,454.21,72,sample_0041__scenario_Morales_Guatemala_WRF_Box_rlz1year7519storm4.tif
sample_0042,110.05,539.97,72,sample_0042__scenario_Morales_Guatemala_WRF_Box_rlz1year7558storm5.tif
sample_0043,110.06,370.74,72,sample_0043__scenario_Morales_Guatemala_WRF_Box_rlz1year7598storm5.tif
sample_0044,111.21,369.43,72,sample_0044__scenario_Morales_Guatemala_WRF_Box_rlz1year7640storm5.tif
sample_0045,111.34,488.5,72,sample_0045__scenario_Morales_Guatemala_WRF_Box_rlz1year7672storm5.tif
sample_0046,116.0,503.79,72,sample_0046__scenario_Morales_Guatemala_WRF_Box_rlz1year7834storm5.tif
sample_0047,115.73,443.07,72,sample_0047__scenario_Morales_Guatemala_WRF_Box_rlz1year7838storm5.tif
sample_0048,115.11,674.66,72,sample_0048__scenario_Morales_Guatemala_WRF_Box_rlz1year7855storm5.tif
sample_0049,115.73,364.43,72,sample_0049__scenario_Morales_Guatemala_WRF_Box_rlz1year7875storm5.tif
sample_0050,117.17,741.01,72,sample_0050__scenario_Morales_Guatemala_WRF_Box_rlz1year7921storm5.tif
sample_0051,48.07,274.24,72,sample_0051__scenario_Morales_Guatemala_WRF_Box_rlz1year8000storm3.tif
sample_0052,118.88,519.26,72,sample_0052__scenario_Morales_Guatemala_WRF_Box_rlz1year8014storm5.tif
sample_0053,118.52,634.46,72,sample_0053__scenario_Morales_Guatemala_WRF_Box_rlz1year8032storm5.tif
sample_0054,119.61,674.66,72,sample_0054__scenario_Morales_Guatemala_WRF_Box_rlz1year8066storm5.tif
sample_0055,46.35,246.48,72,sample_0055__scenario_Morales_Guatemala_WRF_Box_rlz1year8125storm2.tif
sample_0056,66.19,402.42,72,sample_0056__scenario_Morales_Guatemala_WRF_Box_rlz1year8258storm4.tif
sample_0057,124.42,674.66,72,sample_0057__scenario_Morales_Guatemala_WRF_Box_rlz1year8258storm5.tif
sample_0058,124.85,634.46,72,sample_0058__scenario_Morales_Guatemala_WRF_Box_rlz1year8270storm5.tif
sample_0059,128.07,885.85,72,sample_0059__scenario_Morales_Guatemala_WRF_Box_rlz1year8332storm5.tif
sample_0060,129.54,634.46,72,sample_0060__scenario_Morales_Guatemala_WRF_Box_rlz1year8414storm5.tif
sample_0061,131.04,503.79,72,sample_0061__scenario_Morales_Guatemala_WRF_Box_rlz1year8434storm5.tif
sample_0062,12.02,230.86,72,sample_0062__scenario_Morales_Guatemala_WRF_Box_rlz1year8464storm3.tif
sample_0063,133.18,701.52,72,sample_0063__scenario_Morales_Guatemala_WRF_Box_rlz1year8483storm5.tif
sample_0064,109.3,370.74,72,sample_0064__scenario_Morales_Guatemala_WRF_Box_rlz1year8554storm4.tif
sample_0065,137.27,428.91,72,sample_0065__scenario_Morales_Guatemala_WRF_Box_rlz1year8598storm5.tif
sample_0066,120.4,503.79,72,sample_0066__scenario_Morales_Guatemala_WRF_Box_rlz1year8636storm4.tif
sample_0067,139.18,479.74,72,sample_0067__scenario_Morales_Guatemala_WRF_Box_rlz1year8637storm5.tif
sample_0068,129.71,638.08,72,sample_0068__scenario_Morales_Guatemala_WRF_Box_rlz1year8713storm4.tif
sample_0069,144.81,642.24,72,sample_0069__scenario_Morales_Guatemala_WRF_Box_rlz1year8722storm5.tif
sample_0070,144.81,665.17,72,sample_0070__scenario_Morales_Guatemala_WRF_Box_rlz1year8724storm5.tif
sample_0071,145.08,741.01,72,sample_0071__scenario_Morales_Guatemala_WRF_Box_rlz1year8741storm5.tif
sample_0072,146.34,736.32,72,sample_0072__scenario_Morales_Guatemala_WRF_Box_rlz1year8767storm5.tif
sample_0073,152.38,819.55,72,sample_0073__scenario_Morales_Guatemala_WRF_Box_rlz1year8837storm5.tif
sample_0074,152.0,503.79,72,sample_0074__scenario_Morales_Guatemala_WRF_Box_rlz1year8854storm5.tif
sample_0075,158.16,479.74,72,sample_0075__scenario_Morales_Guatemala_WRF_Box_rlz1year8953storm5.tif
sample_0076,158.15,479.74,72,sample_0076__scenario_Morales_Guatemala_WRF_Box_rlz1year8954storm5.tif
sample_0077,165.31,642.24,72,sample_0077__scenario_Morales_Guatemala_WRF_Box_rlz1year9081storm5.tif
sample_0078,72.76,449.78,72,sample_0078__scenario_Morales_Guatemala_WRF_Box_rlz1year9105storm4.tif
sample_0079,166.93,683.98,72,sample_0079__scenario_Morales_Guatemala_WRF_Box_rlz1year9118storm5.tif
sample_0080,170.32,856.91,72,sample_0080__scenario_Morales_Guatemala_WRF_Box_rlz1year9150storm5.tif
sample_0081,169.42,683.98,72,sample_0081__scenario_Morales_Guatemala_WRF_Box_rlz1year9152storm5.tif
sample_0082,171.46,683.98,72,sample_0082__scenario_Morales_Guatemala_WRF_Box_rlz1year9188storm5.tif
sample_0083,78.5,348.61,72,sample_0083__scenario_Morales_Guatemala_WRF_Box_rlz1year9223storm3.tif
sample_0084,111.39,384.75,72,sample_0084__scenario_Morales_Guatemala_WRF_Box_rlz1year9258storm4.tif
sample_0085,178.59,736.32,72,sample_0085__scenario_Morales_Guatemala_WRF_Box_rlz1year9283storm5.tif
sample_0086,178.17,701.52,72,sample_0086__scenario_Morales_Guatemala_WRF_Box_rlz1year9294storm5.tif
sample_0087,179.93,1324.55,72,sample_0087__scenario_Morales_Guatemala_WRF_Box_rlz1year9326storm5.tif
sample_0088,49.47,385.86,72,sample_0088__scenario_Morales_Guatemala_WRF_Box_rlz1year9349storm4.tif
sample_0089,182.53,1324.55,72,sample_0089__scenario_Morales_Guatemala_WRF_Box_rlz1year9359storm5.tif
sample_0090,183.58,642.24,72,sample_0090__scenario_Morales_Guatemala_WRF_Box_rlz1year9371storm5.tif
sample_0091,186.32,819.55,72,sample_0091__scenario_Morales_Guatemala_WRF_Box_rlz1year9392storm5.tif
sample_0092,187.97,642.24,72,sample_0092__scenario_Morales_Guatemala_WRF_Box_rlz1year9419storm5.tif
sample_0093,192.33,642.24,72,sample_0093__scenario_Morales_Guatemala_WRF_Box_rlz1year9464storm5.tif
sample_0094,193.45,797.49,72,sample_0094__scenario_Morales_Guatemala_WRF_Box_rlz1year9466storm5.tif
sample_0095,192.84,1324.55,72,sample_0095__scenario_Morales_Guatemala_WRF_Box_rlz1year9484storm5.tif
sample_0096,76.1,472.84,72,sample_0096__scenario_Morales_Guatemala_WRF_Box_rlz1year9493storm3.tif
sample_0097,193.52,642.24,72,sample_0097__scenario_Morales_Guatemala_WRF_Box_rlz1year9493storm5.tif
sample_0098,196.39,738.91,72,sample_0098__scenario_Morales_Guatemala_WRF_Box_rlz1year9528storm5.tif
sample_0099,197.18,819.55,72,sample_0099__scenario_Morales_Guatemala_WRF_Box_rlz1year9535storm5.tif
sample_0100,197.69,819.55,72,sample_0100__scenario_Morales_Guatemala_WRF_Box_rlz1year9541storm5.tif
sample_0101,198.27,819.55,72,sample_0101__scenario_Morales_Guatemala_WRF_Box_rlz1year9548storm5.tif
sample_0102,199.99,819.55,72,sample_0102__scenario_Morales_Guatemala_WRF_Box_rlz1year9565storm5.tif
sample_0103,201.05,642.24,72,sample_0103__scenario_Morales_Guatemala_WRF_Box_rlz1year9567storm5.tif
sample_0104,200.74,819.55,72,sample_0104__scenario_Morales_Guatemala_WRF_Box_rlz1year9571storm5.tif
sample_0105,202.34,819.55,72,sample_0105__scenario_Morales_Guatemala_WRF_Box_rlz1year9591storm5.tif
sample_0106,202.25,819.55,72,sample_0106__scenario_Morales_Guatemala_WRF_Box_rlz1year9594storm5.tif
sample_0107,202.7,819.55,72,sample_0107__scenario_Morales_Guatemala_WRF_Box_rlz1year9602storm5.tif
sample_0108,205.37,1324.55,72,sample_0108__scenario_Morales_Guatemala_WRF_Box_rlz1year9623storm5.tif
sample_0109,213.67,924.21,72,sample_0109__scenario_Morales_Guatemala_WRF_Box_rlz1year9673storm5.tif
sample_0110,213.5,1053.32,72,sample_0110__scenario_Morales_Guatemala_WRF_Box_rlz1year9676storm5.tif
sample_0111,214.75,1094.27,72,sample_0111__scenario_Morales_Guatemala_WRF_Box_rlz1year9678storm5.tif
sample_0112,214.6,924.21,72,sample_0112__scenario_Morales_Guatemala_WRF_Box_rlz1year9679storm5.tif
sample_0113,215.37,924.21,72,sample_0113__scenario_Morales_Guatemala_WRF_Box_rlz1year9691storm5.tif
sample_0114,215.43,642.24,72,sample_0114__scenario_Morales_Guatemala_WRF_Box_rlz1year9692storm5.tif
sample_0115,216.73,1053.32,72,sample_0115__scenario_Morales_Guatemala_WRF_Box_rlz1year9694storm5.tif
sample_0116,192.29,642.24,72,sample_0116__scenario_Morales_Guatemala_WRF_Box_rlz1year9699storm4.tif
sample_0117,216.56,924.21,72,sample_0117__scenario_Morales_Guatemala_WRF_Box_rlz1year9699storm5.tif
sample_0118,67.19,336.8,72,sample_0118__scenario_Morales_Guatemala_WRF_Box_rlz1year9714storm4.tif
sample_0119,219.45,924.21,72,sample_0119__scenario_Morales_Guatemala_WRF_Box_rlz1year9721storm5.tif
sample_0120,221.5,924.21,72,sample_0120__scenario_Morales_Guatemala_WRF_Box_rlz1year9742storm5.tif
sample_0121,222.2,924.21,72,sample_0121__scenario_Morales_Guatemala_WRF_Box_rlz1year9744storm5.tif
sample_0122,222.99,924.21,72,sample_0122__scenario_Morales_Guatemala_WRF_Box_rlz1year9754storm5.tif
sample_0123,223.24,924.21,72,sample_0123__scenario_Morales_Guatemala_WRF_Box_rlz1year9757storm5.tif
sample_0124,224.07,1209.26,72,sample_0124__scenario_Morales_Guatemala_WRF_Box_rlz1year9758storm5.tif
sample_0125,224.72,1324.55,72,sample_0125__scenario_Morales_Guatemala_WRF_Box_rlz1year9769storm5.tif
sample_0126,212.51,799.92,72,sample_0126__scenario_Morales_Guatemala_WRF_Box_rlz1year9783storm4.tif
sample_0127,227.4,1053.32,72,sample_0127__scenario_Morales_Guatemala_WRF_Box_rlz1year9787storm5.tif
sample_0128,88.93,423.27,72,sample_0128__scenario_Morales_Guatemala_WRF_Box_rlz1year9789storm3.tif
sample_0129,227.86,924.21,72,sample_0129__scenario_Morales_Guatemala_WRF_Box_rlz1year9792storm5.tif
sample_0130,229.09,1324.55,72,sample_0130__scenario_Morales_Guatemala_WRF_Box_rlz1year9804storm5.tif
sample_0131,233.25,1053.32,72,sample_0131__scenario_Morales_Guatemala_WRF_Box_rlz1year9822storm5.tif
sample_0132,234.52,811.22,72,sample_0132__scenario_Morales_Guatemala_WRF_Box_rlz1year9825storm5.tif
sample_0133,233.63,1324.55,72,sample_0133__scenario_Morales_Guatemala_WRF_Box_rlz1year9826storm5.tif
sample_0134,235.15,1324.55,72,sample_0134__scenario_Morales_Guatemala_WRF_Box_rlz1year9837storm5.tif
sample_0135,236.38,1053.32,72,sample_0135__scenario_Morales_Guatemala_WRF_Box_rlz1year9843storm5.tif
sample_0136,236.59,924.21,72,sample_0136__scenario_Morales_Guatemala_WRF_Box_rlz1year9845storm5.tif
sample_0137,237.61,1324.55,72,sample_0137__scenario_Morales_Guatemala_WRF_Box_rlz1year9848storm5.tif
sample_0138,240.48,1282.72,72,sample_0138__scenario_Morales_Guatemala_WRF_Box_rlz1year9849storm5.tif
sample_0139,240.02,811.22,72,sample_0139__scenario_Morales_Guatemala_WRF_Box_rlz1year9860storm5.tif
sample_0140,239.85,1324.55,72,sample_0140__scenario_Morales_Guatemala_WRF_Box_rlz1year9864storm5.tif
sample_0141,240.99,1053.32,72,sample_0141__scenario_Morales_Guatemala_WRF_Box_rlz1year9870storm5.tif
sample_0142,241.18,811.22,72,sample_0142__scenario_Morales_Guatemala_WRF_Box_rlz1year9872storm5.tif
sample_0143,244.09,929.53,72,sample_0143__scenario_Morales_Guatemala_WRF_Box_rlz1year9876storm5.tif
sample_0144,148.09,741.01,72,sample_0144__scenario_Morales_Guatemala_WRF_Box_rlz1year9880storm3.tif
sample_0145,245.14,924.21,72,sample_0145__scenario_Morales_Guatemala_WRF_Box_rlz1year9886storm5.tif
sample_0146,248.27,1324.55,72,sample_0146__scenario_Morales_Guatemala_WRF_Box_rlz1year9893storm5.tif
sample_0147,253.17,986.44,72,sample_0147__scenario_Morales_Guatemala_WRF_Box_rlz1year9906storm5.tif
sample_0148,251.91,1324.55,72,sample_0148__scenario_Morales_Guatemala_WRF_Box_rlz1year9907storm5.tif
sample_0149,251.96,1324.55,72,sample_0149__scenario_Morales_Guatemala_WRF_Box_rlz1year9908storm5.tif
sample_0150,253.71,986.44,72,sample_0150__scenario_Morales_Guatemala_WRF_Box_rlz1year9910storm5.tif
sample_0151,254.69,1324.55,72,sample_0151__scenario_Morales_Guatemala_WRF_Box_rlz1year9912storm5.tif
sample_0152,255.2,1324.55,72,sample_0152__scenario_Morales_Guatemala_WRF_Box_rlz1year9913storm5.tif
sample_0153,256.98,1324.55,72,sample_0153__scenario_Morales_Guatemala_WRF_Box_rlz1year9914storm5.tif
sample_0154,260.18,811.22,72,sample_0154__scenario_Morales_Guatemala_WRF_Box_rlz1year9921storm5.tif
sample_0155,262.43,986.44,72,sample_0155__scenario_Morales_Guatemala_WRF_Box_rlz1year9923storm5.tif
sample_0156,262.67,811.22,72,sample_0156__scenario_Morales_Guatemala_WRF_Box_rlz1year9925storm5.tif
sample_0157,263.57,1324.55,72,sample_0157__scenario_Morales_Guatemala_WRF_Box_rlz1year9928storm5.tif
sample_0158,264.22,1324.55,72,sample_0158__scenario_Morales_Guatemala_WRF_Box_rlz1year9929storm5.tif
sample_0159,266.3,811.22,72,sample_0159__scenario_Morales_Guatemala_WRF_Box_rlz1year9932storm5.tif
sample_0160,266.47,1324.55,72,sample_0160__scenario_Morales_Guatemala_WRF_Box_rlz1year9934storm5.tif
sample_0161,267.93,811.22,72,sample_0161__scenario_Morales_Guatemala_WRF_Box_rlz1year9936storm5.tif
sample_0162,268.81,811.22,72,sample_0162__scenario_Morales_Guatemala_WRF_Box_rlz1year9940storm5.tif
sample_0163,268.58,1324.55,72,sample_0163__scenario_Morales_Guatemala_WRF_Box_rlz1year9942storm5.tif
sample_0164,268.31,1324.55,72,sample_0164__scenario_Morales_Guatemala_WRF_Box_rlz1year9943storm5.tif
sample_0165,270.36,1282.72,72,sample_0165__scenario_Morales_Guatemala_WRF_Box_rlz1year9944storm5.tif
sample_0166,269.72,1324.55,72,sample_0166__scenario_Morales_Guatemala_WRF_Box_rlz1year9945storm5.tif
sample_0167,270.91,811.22,72,sample_0167__scenario_Morales_Guatemala_WRF_Box_rlz1year9948storm5.tif
sample_0168,271.45,1282.72,72,sample_0168__scenario_Morales_Guatemala_WRF_Box_rlz1year9949storm5.tif
sample_0169,271.67,811.22,72,sample_0169__scenario_Morales_Guatemala_WRF_Box_rlz1year9950storm5.tif
sample_0170,94.29,431.71,72,sample_0170__scenario_Morales_Guatemala_WRF_Box_rlz1year9952storm4.tif
sample_0171,272.05,811.22,72,sample_0171__scenario_Morales_Guatemala_WRF_Box_rlz1year9953storm5.tif
sample_0172,272.43,811.22,72,sample_0172__scenario_Morales_Guatemala_WRF_Box_rlz1year9956storm5.tif
sample_0173,272.71,811.22,72,sample_0173__scenario_Morales_Guatemala_WRF_Box_rlz1year9957storm5.tif
sample_0174,272.94,811.22,72,sample_0174__scenario_Morales_Guatemala_WRF_Box_rlz1year9958storm5.tif
sample_0175,273.11,811.22,72,sample_0175__scenario_Morales_Guatemala_WRF_Box_rlz1year9959storm5.tif
sample_0176,272.67,1324.55,72,sample_0176__scenario_Morales_Guatemala_WRF_Box_rlz1year9960storm5.tif
sample_0177,274.8,811.22,72,sample_0177__scenario_Morales_Guatemala_WRF_Box_rlz1year9964storm5.tif
sample_0178,276.28,811.22,72,sample_0178__scenario_Morales_Guatemala_WRF_Box_rlz1year9967storm5.tif
sample_0179,278.45,1324.55,72,sample_0179__scenario_Morales_Guatemala_WRF_Box_rlz1year9970storm5.tif
sample_0180,278.79,1324.55,72,sample_0180__scenario_Morales_Guatemala_WRF_Box_rlz1year9971storm5.tif
sample_0181,279.18,1324.55,72,sample_0181__scenario_Morales_Guatemala_WRF_Box_rlz1year9972storm5.tif
sample_0182,284.62,1324.55,72,sample_0182__scenario_Morales_Guatemala_WRF_Box_rlz1year9975storm5.tif
sample_0183,284.89,1324.55,72,sample_0183__scenario_Morales_Guatemala_WRF_Box_rlz1year9976storm5.tif
sample_0184,285.65,1324.55,72,sample_0184__scenario_Morales_Guatemala_WRF_Box_rlz1year9978storm5.tif
sample_0185,290.85,1324.55,72,sample_0185__scenario_Morales_Guatemala_WRF_Box_rlz1year9981storm5.tif
sample_0186,291.7,1324.55,72,sample_0186__scenario_Morales_Guatemala_WRF_Box_rlz1year9983storm5.tif
sample_0187,291.77,1324.55,72,sample_0187__scenario_Morales_Guatemala_WRF_Box_rlz1year9984storm5.tif
sample_0188,291.62,1324.55,72,sample_0188__scenario_Morales_Guatemala_WRF_Box_rlz1year9985storm5.tif
sample_0189,292.36,1324.55,72,sample_0189__scenario_Morales_Guatemala_WRF_Box_rlz1year9986storm5.tif
sample_0190,293.81,1282.72,72,sample_0190__scenario_Morales_Guatemala_WRF_Box_rlz1year9987storm5.tif
sample_0191,294.59,1324.55,72,sample_0191__scenario_Morales_Guatemala_WRF_Box_rlz1year9988storm5.tif
sample_0192,296.22,1282.72,72,sample_0192__scenario_Morales_Guatemala_WRF_Box_rlz1year9989storm5.tif
sample_0193,299.35,1324.55,72,sample_0193__scenario_Morales_Guatemala_WRF_Box_rlz1year9990storm5.tif
sample_0194,300.31,1324.55,72,sample_0194__scenario_Morales_Guatemala_WRF_Box_rlz1year9991storm5.tif
sample_0195,301.71,1282.72,72,sample_0195__scenario_Morales_Guatemala_WRF_Box_rlz1year9992storm5.tif
sample_0196,301.89,1324.55,72,sample_0196__scenario_Morales_Guatemala_WRF_Box_rlz1year9993storm5.tif
sample_0197,302.17,1282.72,72,sample_0197__scenario_Morales_Guatemala_WRF_Box_rlz1year9994storm5.tif
sample_0198,303.02,1324.55,72,sample_0198__scenario_Morales_Guatemala_WRF_Box_rlz1year9997storm5.tif
sample_0199,303.54,1324.55,72,sample_0199__scenario_Morales_Guatemala_WRF_Box_rlz1year9998storm5.tif
sample_0200,306.0,1324.55,72,sample_0200__scenario_Morales_Guatemala_WRF_Box_rlz1year9999storm5.tif
